CAR	MAKE	MODEL	YEAR	VERSION	CAB	BED	BACKSIZE
Cadillac Escalade EXT	Cadillac	Escalade EXT	2002-2013		Crew	5.3	PK-L
Chevrolet C/K	Chevrolet	C/K	1960-1966		Regular	8.0	PK-M
Chevrolet C/K	Chevrolet	C/K	1960-1966		Regular	9.0	PK-M+
Chevrolet C/K	Chevrolet	C/K	1960-1998	Incl: R/V	Regular	6.5	PK-M
Chevrolet C/K	Chevrolet	C/K	1967-1972		Regular	9.0	PK-L
Chevrolet C/K	Chevrolet	C/K	1967-2000	Incl: Classic/Longhorn/R/V	Regular	8-8.5	PK-M+
Chevrolet C/K	Chevrolet	C/K	1973-1991	Incl: R/V	Crew	8	PK-XXL
Chevrolet C/K	Chevrolet	C/K	1973-2000	Classic DRW/DRW/R/V DRW	Crew/Regular/Extended	6.5-8	无可用尺码
Chevrolet C/K	Chevrolet	C/K	1988-2000	Incl: Classic	Extended	8	PK-XL
Chevrolet C/K	Chevrolet	C/K	1989-1999	Incl: Classic	Extended	6.5	PK-L
Chevrolet C/K	Chevrolet	C/K	1992-2000	Incl: Classic	Crew	8	PK-XXXL
Chevrolet C/K	Chevrolet	C/K	1999-2000	Classic	Crew	6.5	PK-XL
Chevrolet C/K	Chevrolet	Chevrolet C/K	1999-2000	DRW	Crew	8.0	无可用尺码
Chevrolet Colorado	Chevrolet	Colorado	2004-2012		Crew/Extended	5-6	PK-M+
Chevrolet Colorado	Chevrolet	Colorado	2004-2012		Regular	6.0	PK-M
Chevrolet Colorado	Chevrolet	Colorado	2015-2020		Extended	6	PK-M+
Chevrolet Colorado	Chevrolet	Colorado	2015-2022		Crew	6.0	PK-L
Chevrolet Colorado	Chevrolet	Colorado	2015-2022	Incl: ZR2	Crew	5	PK-M+
Chevrolet Colorado	Chevrolet	Colorado	2023-2026		Crew	5.0	PK-L
Chevrolet Colorado	Chevrolet	Colorado	2023-2026	ZR2	Crew	5.0	PK-XXL
Chevrolet Silverado 1500	Chevrolet	Silverado 1500	1999-2013		Extended	8.0	PK-XXL
Chevrolet Silverado 1500	Chevrolet	Silverado 1500	1999-2018		Regular	8.0	PK-L
Chevrolet Silverado 1500	Chevrolet	Silverado 1500	1999-2026		Extended/Double	6.5-6.6	PK-XL
Chevrolet Silverado 1500	Chevrolet	Silverado 1500	2004		Crew	5.8	PK-XL
Chevrolet Silverado 1500	Chevrolet	Silverado 1500	2005		Crew	5.8	PK-L
Chevrolet Silverado 1500	Chevrolet	Silverado 1500	2006-2026	Incl: Trail Boss	Crew	5.8	PK-XL
Chevrolet Silverado 1500	Chevrolet	Silverado 1500	2007-2018		Regular	6.6	PK-M
Chevrolet Silverado 1500	Chevrolet	Silverado 1500	2019-2026		Regular	8.0	PK-XL
Chevrolet Silverado 1500	Chevrolet	Silverado 1500	2022-2026		Regular	6.6	PK-M+
Chevrolet Silverado 2500HD/3500HD	Chevrolet	Silverado 2500HD/3500HD	2001-2019		Regular	8.0	PK-L
Chevrolet Silverado 2500HD/3500HD	Chevrolet	Silverado 2500HD/3500HD	2001-2026		Crew/Double	8	PK-XXXL
Chevrolet Silverado 2500HD/3500HD	Chevrolet	Silverado 2500HD/3500HD	2008-2019		Crew	6.5	PK-XXL
Chevrolet Silverado 2500HD/3500HD	Chevrolet	Silverado 2500HD/3500HD	2015-2017		Double	6.8	PK-XL
Chevrolet Silverado 2500HD/3500HD	Chevrolet	Silverado 2500HD/3500HD	2015-2026	DRW	Crew	8.0	无可用尺码
Chevrolet Silverado 2500HD/3500HD	Chevrolet	Silverado 2500HD/3500HD	2020-2024		Double	6.8	PK-XXL
Chevrolet Silverado 2500HD/3500HD	Chevrolet	Silverado 2500HD/3500HD	2020-2026		Crew	6.8	PK-XXXL
Chevrolet Silverado 2500HD/3500HD	Chevrolet	Silverado 2500HD/3500HD	2020-2026		Regular	8.0	PK-XL
Chevrolet Silverado EV	Chevrolet	Silverado EV	2024-2026		Crew	5.9	PK-XL
Dodge Dakota	Dodge	Dakota	1987-1989		Regular	8.0	PK-M
Dodge Dakota	Dodge	Dakota	1987-2004		Regular	6.5	PK-M
Dodge Dakota	Dodge	Dakota	1990-1999		Regular	8.0	PK-M+
Dodge Dakota	Dodge	Dakota	1990-2011		Club/Quad/Crew/Extended	5.3-6.5	PK-M+
Ford Explorer	Ford	Explorer	2001-2005	Sport Trac	Crew	4.2	PK-M
Ford F-150	Ford	F-150	1992-1996		Regular	6.5	PK-M
Ford F-150	Ford	F-150	1992-1996		Regular	8.0	PK-M+
Ford F-150	Ford	F-150	1992-1996		SuperCab	8.0	PK-XL
Ford F-150	Ford	F-150	1994-2003		SuperCab/SuperCrew	5.5-6.5	PK-L
Ford F-150	Ford	F-150	1997-1998		SuperCab	8.0	PK-XXL
Ford F-150	Ford	F-150	1997-2003		Regular	8.0	PK-L
Ford F-150	Ford	F-150	1997-2026		Regular	6.5	PK-M+
Ford F-150	Ford	F-150	2004-2008		SuperCrew	5.5	PK-L
Ford F-150	Ford	F-150	2004-2026		Regular	8.0	PK-XL
Ford F-150	Ford	F-150	2004-2026		SuperCab	6.5	PK-XL
Ford F-150	Ford	F-150	2009-2023		SuperCab	8.0	PK-XXXL
Ford F-150	Ford	F-150	2009-2026		SuperCrew	6.5	PK-XXL
Ford F-150	Ford	F-150	2009-2026	Incl: Lightning/Raptor/Tremor	SuperCrew	5.5	PK-XL
Ford F-150	Ford	F-150	2010-2019	Raptor	SuperCab	5.5	PK-L
Ford F-250/F-350 Super Duty	Ford	F-250/F-350 Super Duty	1999-2000		SuperCab	8.0	PK-XXL
Ford F-250/F-350 Super Duty	Ford	F-250/F-350 Super Duty	1999-2007		Crew	8.0	PK-XXXL
Ford F-250/F-350 Super Duty	Ford	F-250/F-350 Super Duty	1999-2010		Regular	8.0	PK-L
Ford F-250/F-350 Super Duty	Ford	F-250/F-350 Super Duty	1999-2016		Crew	6.8	PK-XXL
Ford F-250/F-350 Super Duty	Ford	F-250/F-350 Super Duty	1999-2016		SuperCab	6.8	PK-XL
Ford F-250/F-350 Super Duty	Ford	F-250/F-350 Super Duty	2001-2026		SuperCab	8.0	PK-XXXL
Ford F-250/F-350 Super Duty	Ford	F-250/F-350 Super Duty	2008-2026		Crew	8.0	无可用尺码
Ford F-250/F-350 Super Duty	Ford	F-250/F-350 Super Duty	2011-2016		Regular	8.0	PK-XL
Ford F-250/F-350 Super Duty	Ford	F-250/F-350 Super Duty	2017-2026		Crew	6.8	PK-XXXL
Ford F-250/F-350 Super Duty	Ford	F-250/F-350 Super Duty	2017-2026		Regular	8.0	PK-XXL
Ford F-250/F-350 Super Duty	Ford	F-250/F-350 Super Duty	2017-2026		SuperCab	6.8	PK-XXL
Ford F-350 Super Duty	Ford	F-350 Super Duty	1999-2026	DRW	Crew/Regular	8	无可用尺码
Ford Maverick	Ford	Maverick	2022-2026	Incl: Lobo/Tremor	SuperCrew	4.5	PK-M
Ford Ranger	Ford	Ranger	1993-2011		Regular/SuperCab	6-7	PK-M
Ford Ranger	Ford	Ranger	2019-2026	Incl: Raptor	SuperCrew	5	PK-M+
GMC Canyon	GMC	Canyon	2004-2012		Crew/Extended	5-6	PK-M+
GMC Canyon	GMC	Canyon	2004-2012		Regular	6.0	PK-M
GMC Canyon	GMC	Canyon	2015-2020		Extended	6	PK-M+
GMC Canyon	GMC	Canyon	2015-2022		Crew	5	PK-M+
GMC Canyon	GMC	Canyon	2015-2022		Crew	6.0	PK-L
GMC Canyon	GMC	Canyon	2023-2026	Incl: AT4X	Crew	5	PK-XXL
GMC Sierra 1500	GMC	Sierra 1500	1999-2026		Extended/Crew/Double	5.8-6.6	PK-XL
GMC Sierra 2500HD/3500HD	GMC	Sierra 2500HD/3500HD	2001-2026		Crew/Double	6.8	PK-XXXL
GMC Sierra 2500HD/3500HD	GMC	Sierra 2500HD/3500HD	2001-2026	Incl: DRW	Crew	8	无可用尺码
Honda Ridgeline	Honda	Ridgeline	2006-2014		Crew	5.0	PK-M
Honda Ridgeline	Honda	Ridgeline	2017-2026		Crew	5.3	PK-M+
Ineos Automotive Grenadier	Ineos Automotive	Grenadier	2024-2026	Quartermaster	Crew	5.1	PK-L
Jeep Gladiator	Jeep	Gladiator	2020-2026	Incl: Mojave/Rubicon	Crew	5	PK-M+
Nissan Frontier	Nissan	Frontier	1998-2001	Incl: SC-V6	King/Regular/Crew	4.5-6	PK-M
Nissan Frontier	Nissan	Frontier	2002-2004		King	6.0	PK-M
Nissan Frontier	Nissan	Frontier	2002-2004	Incl: SC-V6	Crew	4.5	PK-M
Nissan Frontier	Nissan	Frontier	2002-2026	Incl: SC-V6	Crew	6	PK-L
Nissan Frontier	Nissan	Frontier	2005-2026		Crew	5.0	PK-M+
Nissan Frontier	Nissan	Frontier	2005-2026		King	6.0	PK-M+
Ram 1500	Ram	1500	1994-1998		Club/Quad	6.4	PK-L
Ram 1500	Ram	1500	1994-2001		Regular	6.4	PK-M
Ram 1500	Ram	1500	1997-2001		Regular	8	PK-L
Ram 1500	Ram	1500	2002-2018		Regular	6.4	PK-M+
Ram 1500	Ram	1500	2002-2026		Quad	6.4	PK-XL
Ram 1500	Ram	1500	2005-2018		Regular	8	PK-XL
Ram 1500	Ram	1500	2009-2018		Crew	6.4	PK-XL
Ram 1500	Ram	1500	2011-2026	Incl: TRX	Crew	5.6	PK-XL
Ram 1500	Ram	1500	2019-2026		Crew	6.4	PK-XXL
Ram 1500	Ram	1500	2025-2026	RHO	Crew	5.6	PK-XXL
Ram 1500 Classic	Ram	1500 Classic	2019-2023		Crew	5.6	PK-L
Ram 2500/3500	Ram	2500/3500	1994-2002		Quad	8.0	PK-XXL
Ram 2500/3500	Ram	2500/3500	1994-2026		Crew	6.4	PK-XL
Ram 2500/3500	Ram	2500/3500	1994-2026		Regular	8.0	PK-XL
Ram 2500/3500	Ram	2500/3500	2003-2026		Quad/Mega	6.4-8	PK-XXXL
Ram 2500/3500	Ram	2500/3500	2010-2026		Crew	8.0	PK-XXXL
Rivian R1T	Rivian	R1T	2022-2026	Incl: Adventure/Dual/Quad	Crew	4.5	PK-M+
Sierra 1500	GMC	Sierra 1500	1999-2006		Regular	8.0	PK-XL
Sierra 1500	GMC	Sierra 1500	1999-2013		Extended	8.0	PK-XXL
Sierra 1500	GMC	Sierra 1500	2007-2018		Regular	6.6	PK-M
Sierra 1500	GMC	Sierra 1500	2007-2018		Regular	8.0	PK-L
Sierra 1500	GMC	Sierra 1500	2019-2026		Regular	6.6	PK-M+
Sierra 1500	GMC	Sierra 1500	2019-2026		Regular	8.0	PK-XL
Sierra 2500HD/3500HD	GMC	Sierra 2500HD/3500HD	2001-2026		Regular	8.0	PK-XL
Sierra 2500HD/3500HD	GMC	Sierra 2500HD/3500HD	2015-2026		Double	8.0	PK-XXXL
Sierra EV	GMC	Sierra EV	2024-2026		Crew	5.9	PK-XL
Toyota Tacoma	Toyota	Tacoma	1995-2004		Regular/XtraCab/Double	5-6	PK-M
Toyota Tacoma	Toyota	Tacoma	2005-2023		Access	6	PK-M+
Toyota Tacoma	Toyota	Tacoma	2005-2026		Double/XtraCab	6	PK-L
Toyota Tacoma	Toyota	Tacoma	2005-2026	Incl: Trailhunter/TRD Pro	Double	5	PK-M+
Toyota Tundra	Toyota	Tundra	2000-2006		Regular/Access	6.5	PK-L
Toyota Tundra	Toyota	Tundra	2000-2017		Regular	8-8.1	PK-XL
Toyota Tundra	Toyota	Tundra	2004-2026		Double/CrewMax	5.5-6.5	PK-XL
Toyota Tundra	Toyota	Tundra	2007-2017		Regular	6.5	PK-M+
Toyota Tundra	Toyota	Tundra	2007-2026		Double	8.1	PK-XXXL
